ID,Name
123456,Bruno Fernandes
234567,Marcus Rashford
345678,Kevin De Bruyne
456789,Rúben Dias
567890,Erling Haaland
678901,Marco Reus
789012,Kylian Mbappé
890123,Neymar Jr.
901234,Jadon Sancho
112345,Edinson Cavani
198765,Riyad Mahrez
876543,Phil Foden
765432,Axel Witsel
654321,Achraf Hakimi
543210,Angel Di Maria
432109,Marquinhos
321098,Thorgan Hazard
210987,Jude Bellingham
109876,Mauro Icardi
198765,Presnel Kimpembe
987654,Harry Maguire
876540,David de Gea
765430,Jack Grealish
654320,Raheem Sterling
543200,Ilkay Gündogan
432100,John Stones
321090,Mats Hummels
210980,Giovanni Reyna
109870,Julian Brandt
198760,Georginio Wijnaldum
987650,Keylor Navas
876530,Leandro Paredes
765420,Ander Herrera
654310,Juan Bernat
543210,Danilo Pereira
432120,Anthony Martial
321110,Victor Lindelöf
210100,Oleksandr Zinchenko
109190,Ferran Torres
198180,Emre Can
987170,Mahmoud Dahoud
876160,Thilo Kehrer
765150,Layvin Kurzawa
654140,Pablo Sarabia
543130,Idrissa Gueye
111222,Cristiano Ronaldo
222333,Lionel Messi
333444,Zlatan Ibrahimović
444555,Luis Suárez
555666,Robert Lewandowski
666777,Andrés Iniesta
777888,Xavi Hernández
888999,Sergio Ramos
999000,Luka Modrić
100111,Eden Hazard
111000,Karim Benzema
222000,Gareth Bale
333000,Gerard Piqué
444000,Manuel Neuer
555000,Thomas Müller
666000,Arjen Robben
777000,Franck Ribéry
888000,Thierry Henry
999111,Ronaldinho
100222,Pelé
111333,Diego Maradona
222444,Paolo Maldini
333555,Zinedine Zidane
444666,Francesco Totti
555777,Alessandro Del Piero
666888,Ryan Giggs
777999,David Beckham
888111,Andrea Pirlo
999222,Steven Gerrard
100333,Frank Lampard
111444,Kaká
222555,Wayne Rooney
655168,rt
441749,Hotbaen
588924,Hotbaen
